{"cameraMode":{"drawMode":0,"name":"Shaded","section":"Shading Mode"},"sceneLighting":false,"audioPlay":false,"sceneViewState":{"showFog":true,"showMaterialUpdate":true,"showSkybox":true,"showFlares":true,"showImageEffects":true,"showParticleSystems":true},"in2DMode":false,"pivot":{"x":1.1148841381072999,"y":3.7814269065856935,"z":-10.976778984069825},"rotation":{"x":0.4949052035808563,"y":-0.018320022150874139,"z":0.010296322405338288,"w":0.8687723278999329},"size":11.559646606445313,"orthographic":false}