{"cameraMode":{"drawMode":0,"name":"Shaded","section":"Shading Mode"},"sceneLighting":false,"audioPlay":false,"sceneViewState":{"showFog":true,"showMaterialUpdate":true,"showSkybox":true,"showFlares":true,"showImageEffects":true,"showParticleSystems":true},"in2DMode":false,"pivot":{"x":-1.5982096195220948,"y":-1.5474655628204346,"z":4.953123569488525},"rotation":{"x":-0.15352149307727815,"y":0.7994927167892456,"z":-0.5333290100097656,"w":-0.23002777993679048},"size":14.570270538330079,"orthographic":false}